VehicleID,Amount (Million Naira)
VHL18518,7.615738841209007
VHL17149,12.457518589077406
VHL10927,1.8124989146832746
VHL12909,8.300820847812139
VHL12348,13.106977567670718
VHL10798,22.129623627283387
VHL11022,-5.794634311166233
VHL12206,11.256306343074813
VHL11697,21.75727392465667
VHL12313,15.155210904810726
VHL13411,25.649225755033623
VHL14334,-2.2283005430076597
VHL14302,15.890426064644007
VHL13979,5.758723546782317
VHL12272,-3.7367925976067244
VHL15071,20.439006107058976
VHL19166,3.220344759000511
VHL10471,3.159688976836817
VHL18431,7.926861385261722
VHL12325,12.832298647476343
VHL15657,8.156152971461253
VHL13667,22.812930595551663
VHL18913,11.188613787197454
VHL13273,4.075001188551191
VHL16576,-11.485562739400224
VHL15506,3.5065294498799187
VHL10460,40.39202741958633
VHL16050,-20.883562476866377
VHL17918,15.445537075966453
VHL12992,14.144214695054501
VHL10261,11.13410626941322
VHL18348,15.422130273130616
VHL11577,15.555837624819326
VHL16957,-1.6135350486139952
VHL16165,24.138670886741743
VHL11441,1.0463594689361715
VHL19990,-2.5088455224863573
VHL14072,1.5876514810050208
VHL13637,-7.839272987388135
VHL10757,10.097480790969918
VHL12657,28.55060026588112
VHL19939,20.619227619542105
VHL12094,15.749160928908971
VHL17177,1.6256145247842833
VHL16720,17.180501685249602
VHL11478,29.13665949372375
VHL14386,19.95062587983215
VHL11341,23.51901750294529
VHL18683,22.996103567890653
VHL13430,19.73918207074247
VHL18932,-1.8224789114656366
VHL17505,10.91831300485024
VHL16272,3.3560390598407857
VHL14777,8.917869656202688
VHL13186,13.573235390713855
VHL19383,-10.323467746162152
VHL14605,16.60692924813793
VHL11440,19.75753876164114
VHL14303,18.761165320170488
VHL19478,9.048342226229856
VHL17837,1.8199213285712137
VHL12824,8.021813049358943
VHL17476,6.728245139646466
VHL18988,-5.6478315105538215
VHL19482,9.477011924771311
VHL13263,7.384723944507117
VHL17078,34.384960276623076
VHL19170,9.119998425365663
VHL18070,-7.077868657057704
VHL18061,23.516176614487986
VHL10726,1.1723885357773982
VHL19212,22.60422887831571
VHL13283,-3.230441066151835
VHL14023,17.47709607609903
VHL16973,31.40832057479326
VHL19653,17.961904384354266
VHL18605,19.49638048000377
VHL13287,14.066952844554852
VHL15719,-7.295893730205802
VHL19636,16.25197814335995
VHL11009,13.513267706965319
VHL18087,9.555606155714614
VHL14422,14.400587845038832
VHL15789,23.451646416133563
VHL12369,8.489076204768484
VHL15812,3.617075459564032
VHL18767,41.943301056643435
VHL19271,26.044606471611072
VHL17403,5.66900777596322
VHL12967,7.047781401635058
VHL19998,13.953970511237074
VHL12336,10.463715952563664
VHL10328,-3.6360597618771906
VHL18908,-3.3989704910919256
VHL11127,16.304194438720018
VHL12655,22.80002113881918
VHL19086,40.237472096807636
VHL10384,26.386445388158126
VHL15712,20.87781407903631
VHL11054,25.48439474479172
VHL16505,16.727056177570514
VHL10534,-3.633352215598231
VHL14120,3.9039099791647303
VHL10206,11.565757620008025
VHL13595,15.976953559381617
VHL15887,7.464638081105127
VHL12672,6.376340018841617
VHL19770,7.204192102902388
VHL13026,21.328870395833217
VHL12635,11.729853770625109
VHL14014,9.23821007161368
VHL19238,4.150397016847304
VHL18156,10.852441629751047
VHL13087,16.11822405700054
VHL13743,-4.729910916453559
VHL19323,38.617261507252124
VHL16129,13.91844458557475
VHL17626,4.490749608307093
VHL14525,-7.579781424249099
VHL15597,35.702579730013014
VHL19429,14.191749363477399
VHL14074,20.060453323180802
VHL17422,39.134176694413625
VHL11861,22.722079571482404
VHL19828,24.25245428662843
VHL14000,2.789487219348989
VHL12312,8.214076379864167
VHL16257,-5.8199042135250245
VHL14859,5.851876697847185
VHL16048,-1.811228174451088
VHL14039,-1.3710806797850519
VHL10296,-5.192316926967958
VHL14949,-8.244531840306335
VHL17034,26.31748574854285
VHL17149,23.3379962025997
VHL19677,8.666231813596246
VHL14433,4.951687257525579
VHL16582,13.857036878075295
VHL10059,19.535699818003557
VHL17140,21.080551363870637
VHL10364,8.792153304664165
VHL16932,4.998848559677315
VHL18587,20.23346697471673
VHL13635,-8.792216599602517
VHL18371,22.854371563547186
VHL19622,16.821893721807207
VHL18669,19.896224323619208
VHL17359,-6.014988403519821
VHL19788,17.263605270813894
VHL19078,18.268139952631863
VHL12673,5.870177689325514
VHL17895,-4.7540435910404195
VHL18950,23.687429293852283
VHL13562,25.3827611208802
VHL11306,26.371887225495364
VHL15496,4.694150846222136
VHL11927,21.661249085718993
VHL10392,25.59879872366171
VHL14124,-0.5366938348823376
VHL12586,7.920010628038845
VHL12895,0.8226307736490339
VHL18481,6.075160696452523
VHL11310,-0.45285830736293864
VHL15810,6.586800939189647
VHL16037,10.219818093424177
VHL19627,27.365063766988143
VHL11152,16.041416527346854
VHL17698,25.38214779505636
VHL19815,35.770403183861404
VHL18192,2.7857001709984495
VHL19720,3.92110169628468
VHL11686,15.715644727563085
VHL18649,12.027075576141478
VHL12765,13.383777979998701
VHL10026,24.209653995625487
VHL11001,16.933270124423068
VHL13433,21.355878081677087
VHL17827,-2.3368994154520126
VHL12344,4.317939271167946
VHL17308,31.122788774306205
VHL18722,-0.6352509574479361
VHL17199,11.447507927452438
VHL15338,-0.32914642060089605
VHL16946,12.907753963024671
VHL11039,-5.29889216911879
VHL18017,19.8464442373805
VHL15945,20.260716341003516
VHL14724,6.380016502106166
VHL15314,27.691542664566327
VHL14276,8.8785684144508
VHL17883,1.710400863535729
VHL14385,27.80211680463219
VHL18665,-3.6372842457056573
VHL15936,30.79233218470605
VHL19518,25.394266637853537
VHL13530,3.936988294675894
VHL17861,-11.754623765649283
VHL10966,25.62618832673541
VHL11652,11.74143900404864
VHL16641,27.596855388908132
VHL12017,14.608210578696003
VHL14856,7.354616616258303
VHL16801,5.725180799392662
VHL16814,25.858404984349864
VHL13748,4.012047284493606
VHL13104,24.414600575945105
VHL10022,27.512397849679033
VHL14787,8.240568544510767
VHL19015,13.319940501817921
VHL11089,29.249906183658123
VHL13873,6.525140578962066
VHL15486,20.93340950102883
VHL13253,-7.450639939501826
VHL15232,-1.9642888202520852
VHL18914,18.446806617269544
VHL14922,5.288521708200308
VHL14541,3.381693441922655
VHL15820,19.875918227056747
VHL10710,9.514496105307002
VHL11752,-1.3999640247632374
VHL13868,9.025082240858898
VHL17442,27.02088460861612
VHL14571,18.11194228151982
VHL17155,6.341686913484461
VHL11093,14.50359246662249
VHL18280,8.49373094039094
VHL18425,9.858221681553395
VHL10175,-3.688807320358443
VHL15307,13.83508285091727
VHL18062,8.515915697395858
VHL18972,3.076952176657949
VHL11185,14.990810247215805
VHL10343,12.677021341895934
VHL10450,4.950154489926556
VHL19621,8.91352519322211
VHL14502,9.084905196836502
VHL12768,7.953010402631891
VHL19922,17.28848763733221
VHL10824,11.62801132289077
VHL16646,16.123594677132026
VHL15462,9.132359947172093
VHL15801,13.89046763371438
VHL10322,14.580285014603195
VHL15613,-4.305742557463558
VHL17756,7.030965602826633
VHL16186,21.835414036194233
VHL19061,2.4318667950001176
VHL13446,22.456740532668363
VHL10599,17.482039497209378
VHL18255,18.254730102241734
VHL17948,22.46130986034029
VHL17616,-20.07714331591012
VHL17664,29.60737327195147
VHL18299,4.069534899497292
VHL18959,17.5530984491654
VHL10473,18.555992959891874
VHL17271,22.362969148508302
VHL19798,11.517859434636526
VHL17935,27.874765487685583
VHL10245,23.641973172941338
VHL15041,6.248643792675686
VHL15001,13.173156888139406
VHL16287,-11.388923622325603
VHL13974,29.346773499999923
VHL15764,19.1284082180754
VHL18888,-2.561409729837546
VHL14882,21.637283874259968
VHL19424,6.1887377852414645
VHL13785,40.837151425598535
VHL10783,17.551999231178396
VHL19808,6.521749461321683
VHL18890,17.180501685249602
VHL13440,2.8004740925129266
VHL13285,16.75357921697789
VHL18805,26.51523162343476
VHL18550,-2.7741743608704934
VHL10061,11.094662506798954
VHL18522,26.07207282491729
VHL16813,9.395807904872342
VHL11036,19.95720083834798
VHL12107,29.02946542002947
VHL17826,24.48962170904092
VHL14449,-6.885670597133497
VHL14938,0.19613511633298764
VHL14098,21.365266507278573
VHL19241,1.9677300039386703
VHL17856,5.321889810295096
VHL18900,8.253348219520863
VHL11133,16.511899945539646
VHL11687,21.287733461245697
VHL12719,-5.675230770655766
VHL15531,0.5807138625112778
VHL17329,40.43999814167
VHL16806,-13.639422286644336
VHL11582,-7.365318387150688
VHL16362,1.9024247778125094
VHL11119,8.296806217080906
VHL13806,25.57340245902917
VHL11733,-12.779721207556102
VHL18959,39.545616379985034
VHL17287,-0.60156006109451
VHL11709,8.286460607229854
VHL19793,4.106511627581186
VHL19880,-1.5641487766733664
VHL19964,24.32862161799036
VHL12784,18.146309127795618
VHL17371,16.56960238627144
VHL12439,-9.164003547740407
VHL16652,10.5712237694563
VHL17836,20.588650734032477
VHL16597,37.204805123532296
VHL18707,15.890426064644007
VHL16683,16.518978800833985
VHL15365,-1.8107533586162172
VHL13507,6.379804062231978
VHL14459,23.1543790479451
VHL19300,0.3883087181832998
VHL18418,7.501997983699507
VHL15350,7.656390349368442
VHL15927,5.218302887745063
VHL12985,22.813760158165227
VHL10426,37.799094920633195
VHL10506,8.916240202757571
VHL11042,24.495949711792544
VHL18043,4.237004764233923
VHL16258,17.05346752651994
VHL19326,8.43007608054041
VHL15424,18.189937177987485
VHL19014,12.19901055635821
VHL11310,9.98459849339937
VHL12927,4.941077520599567
VHL10082,12.86989057887477
VHL10068,17.0431820309622
VHL13660,3.7188940098752115
VHL18810,13.912331189200533
VHL17666,28.99751583330745
VHL18022,7.73990870767345
VHL11237,20.61184572397457
VHL17240,21.754963280223556
VHL13512,13.693091415949826
VHL10596,32.37458391881174
VHL10073,23.689557271010717
VHL13719,-2.4041465436399427
VHL10077,-15.176251792315526
VHL13151,1.6691235110632636
VHL12499,9.70797281326144
VHL18832,24.293730725413443
VHL16790,15.034599745236601
VHL13880,28.66214662505355
VHL19448,8.598310223093169
VHL15860,4.7078294949090065
VHL14538,8.665572970764638
VHL16505,11.376613602112446
VHL11544,23.128926450697453
VHL19830,15.677172650998607
VHL10194,11.3978928873644
VHL15744,3.1720086170974504
VHL10957,10.58264344265122
VHL12568,-2.5049146582342185
VHL19448,17.82471448627266
VHL14417,-13.037008180331444
VHL10368,20.09078737762899
VHL10806,-0.013861741921673776
VHL17414,14.5997135666276
VHL14892,-3.4596713660088634
VHL17933,17.16291352025014
VHL15852,22.163944417221554
VHL10505,24.989401777088364
VHL18345,25.200547467607265
VHL13294,12.79947626051817
VHL18253,18.878214853722213
VHL17152,14.658963042188386
VHL12883,36.25809138658087
VHL16101,15.563452327717641
VHL15563,17.327974407144907
VHL10313,22.876101745597104
VHL18291,-14.988098656803405
VHL13553,14.995825306605727
VHL11440,3.896854114528532
VHL15887,19.063104038458356
VHL17489,21.751852263968985
VHL16271,9.810077029845996
VHL15007,28.037177320188146
VHL15329,16.99308453306952
VHL13826,1.769458345090957
VHL11568,10.579267429812408
VHL13578,9.330141114507157
VHL16302,-5.110213762417753
VHL12677,9.57755458649077
VHL18866,1.845912317559308
VHL11976,7.728197325865937
VHL17817,29.47493908504529
VHL16893,6.594884180219001
VHL11075,-8.923239979983347
VHL14865,20.4261592829834
VHL13535,5.347786278463513
VHL16299,26.666810785174295
VHL19327,-6.289867375495924
VHL10055,5.7671364190053716
VHL14258,8.111002501973225
VHL11527,0.8129886566937286
VHL17682,-5.987757604863899
VHL10073,-7.637590010478439
VHL14599,26.01461961151397
VHL15495,4.113223872151734
VHL13387,0.99187576134588
VHL19505,8.187119452426629
VHL16307,-1.7813464666949592
VHL11034,34.39257445226394
VHL13625,7.140602262637408
VHL19623,8.820167118903203
VHL10838,-1.548468651314601
VHL11711,10.191012939194303
VHL14148,9.57127160850919
VHL15745,5.8785343561662895
VHL15705,-1.694091676463147
VHL14767,22.219844077028384
VHL10108,4.3408685159468625
VHL17818,0.350944773565784
VHL18324,11.066669968416784
VHL19741,18.654566107753205
VHL11815,13.88380745153776
VHL18939,16.99549616756565
VHL18042,-7.487257876484045
VHL13176,-7.3279927354454015
VHL16859,9.228677207971764
VHL14405,0.41910947866600523
VHL14751,36.21544378776417
VHL18416,4.658918141213054
VHL13952,14.658963042188386
VHL14726,2.574080705557691
VHL11889,15.155210904810726
VHL12851,22.004580133696763
VHL12862,9.278642249143326
VHL14262,3.1328324049011274
VHL13520,8.819179994076842
VHL14967,5.793444150441648
VHL14728,21.642963996233785
VHL15340,16.973947045801562
VHL14760,7.869209408319701
VHL18498,1.0954378940910061
VHL18440,4.796378646644428
VHL18477,14.551068112614413
VHL16456,10.497773853027331
VHL19596,-2.780455456793904
VHL19616,19.728528633373507
VHL12885,23.68749877328505
VHL13080,-8.196254628498716
VHL10988,15.397372376891113
VHL16251,-1.9831957772190392
VHL16941,12.007837167359419
VHL19708,12.614387477322971
VHL13116,24.702251134749872
VHL17823,9.256377901142116
VHL14587,15.90004794155313
VHL16807,4.2227928960969585
VHL15706,9.590936351969868
VHL19568,14.148561613792602
VHL12877,26.81062924747838
VHL16412,-9.881532399613642
VHL18036,33.105568437091236
VHL16860,20.28695737980616
VHL14755,-0.23399262045453062
VHL19234,24.720852816203983
VHL13272,-3.3504237338388942
VHL16892,-1.7372240666190812
VHL17413,19.798304583049415
VHL18817,-2.177598467672125
VHL11681,12.641767800960718
VHL10192,23.80098310215068
VHL16374,12.494153497366536
VHL17630,12.227828907218573
VHL15610,-8.244946748029758
VHL11364,4.8621117082385545
VHL13136,20.506782878308506
VHL10038,9.635553283025054
VHL12580,9.082489466293866
VHL14253,5.728060926661829
VHL17421,25.325751456337933
VHL15458,-2.8533655575263692
VHL12574,10.905592412121731
VHL14109,16.09423569327333
VHL15943,8.969103998956179
VHL17404,4.594826378655025
VHL14940,18.62502451546751
VHL16625,20.054506368901215
VHL12066,4.569496252539272
VHL12899,6.598155863857654
VHL11652,9.644029533596083
VHL17554,39.45370955464432
VHL11567,13.22459103865484
VHL10163,8.506828272036504
VHL10355,18.521354915314394
VHL12041,2.578795807982612
VHL13416,16.361534070144426
VHL15974,-9.007574870650718
VHL12082,5.189319541112095
VHL12319,-2.5183140231231906
VHL12556,8.478752256410107
VHL18675,9.491254264083107
VHL13381,-2.6349255599418653
VHL14325,40.35039031817408
VHL15875,10.850583842343793
VHL10638,7.568733717530051
VHL10544,8.788246486924718
VHL11654,1.199185096010556
VHL14423,-5.353323202182171
VHL14569,13.690656204071391
VHL15007,-6.605698619845197
VHL18221,18.607688662755216
VHL10785,-1.8094105481816949
VHL16546,8.325534895472263
VHL19173,13.088794672919477
VHL11731,15.56179342320359
VHL18180,4.653857889647211
VHL19452,8.008280031649097
VHL16163,14.168869240177404
VHL14877,7.054765352756105
VHL10102,39.10147237912216
VHL16046,21.12287847159153
VHL13684,23.306816486748613
VHL18749,40.452603601066144
VHL15304,16.23759288340932
VHL10117,27.99450607555816
VHL19957,-7.680562958872765
VHL19132,-13.931745239132239
VHL15383,15.858300644158554
VHL10136,21.39784949769592
VHL17919,3.391901045524051
VHL11444,-0.7459708134228045
VHL18795,18.649299096321627
VHL12062,10.726485095323671
VHL15890,12.46995034044544
VHL17372,28.891464795001784
VHL12038,17.5805409830963
VHL19368,-3.068190857896772
VHL10476,4.57557748246837
VHL14079,0.3443202331968873
VHL10401,5.7903462861579555
VHL12810,30.68301683948845
VHL19466,-6.100421105935131
VHL15757,8.119673516158047
VHL15894,-0.4336985407205525
VHL18056,14.259491339067832
VHL16634,5.714118982280034
VHL16608,8.49373094039094
VHL19831,4.769116811658403
VHL13863,17.48777506086888
VHL11159,4.572015076492436
VHL15412,12.38744761582177
VHL10730,2.118841237415559
VHL17248,-2.230510651629377
VHL16421,19.331717330457277
VHL11328,9.517985237800033
VHL18439,19.139292832355967
VHL12340,14.032363765272397
VHL10461,6.167124548538029
VHL15024,6.630444181520609
VHL11850,23.025554410410958
VHL16423,21.74009800608758
VHL16427,18.34951166363349
VHL13444,-2.8762696135570502
VHL16609,-2.5488084934852946
VHL11522,19.156113478734152
VHL11433,23.616771763968195
VHL15853,-6.063034707106414
VHL14168,23.926435378143555
VHL19004,16.509200387214353
VHL10827,29.325830922205203
VHL19998,7.441568720660433
VHL14997,2.4655396851350826
VHL15827,15.750943493412002
VHL18844,1.0460639620627115
VHL10076,11.638523639878345
VHL16342,1.500849070504282
VHL19420,7.576504502869554
VHL12762,3.400596798256352
VHL16916,-1.8232879555564967
VHL10660,5.923909034903746
VHL18142,19.026877223884167
VHL13721,3.3720007904604365
VHL18101,6.051887324775333
VHL11732,-1.813848236406626
VHL14351,2.2579541599152657
VHL16617,5.725865033647285
VHL13840,9.891676813706496
VHL10596,3.8143336877553846
VHL19148,-5.565607129157749
VHL16845,17.79770377883716
VHL17262,15.635784887570157
VHL17801,11.118652268438867
VHL18039,22.379229675233397
VHL15369,13.934867531822324
VHL14483,2.3447140766398284
VHL19700,16.07274715108858
VHL15877,18.806376705346658
VHL15552,17.724424788635485
VHL18756,18.65584754900362
VHL10301,21.390112833994085
VHL17678,7.947479409499138
VHL17604,-4.242358806563519
VHL17969,40.38437556824431
VHL17089,15.960963029793618
VHL13239,34.25226764391945
VHL12466,11.090658332143994
VHL16020,19.519625273505792
VHL15014,11.999386194250807
VHL13302,9.338191815545784
VHL17986,7.916219979967192
VHL14724,13.069995679701023
VHL15147,5.695127460839652
VHL15325,23.31128141259989
VHL16131,12.843150754903167
VHL14868,5.044620712905406
VHL15382,23.771106763392055
VHL12164,11.517859434636526
VHL11723,5.230063089832051
VHL14888,7.459411573792654
VHL17997,6.7094031822601785
VHL11576,9.917749131238283
VHL16048,6.171062256786779
VHL17795,10.721639737498762
VHL15642,6.8013788533375
VHL13953,7.1138377533119606
VHL10189,20.58367354630872
VHL13338,4.47053807258343
VHL19247,39.90309673432576
VHL16429,23.20519800698357
VHL10272,-2.3706732891161084
VHL12716,5.845756507768126
VHL12652,21.577960367074823
VHL13545,22.493683132957745
VHL11323,7.312505417019992
VHL15121,20.19192868173225
VHL17568,21.742875493370782
VHL11886,9.892286974598699
VHL17402,18.71605434699935
VHL10243,9.446923761955434
VHL13407,0.41766121519932753
VHL12149,-2.7350282947050006
VHL11037,16.119398995369824
VHL17924,16.1804639496035
VHL12180,18.505992976339385
VHL14683,9.747263024572158
VHL18920,5.296855522528775
VHL12024,2.800222184982923
VHL13968,38.55637295133296
VHL11079,-6.126163102189202
VHL14355,-6.421311131167989
VHL11824,-4.92749229905413
VHL19942,3.2343695856020815
VHL12917,27.067883762254898
VHL15326,35.780886268383696
VHL13585,0.9672434588493832
VHL12069,6.567511601601209
VHL17056,17.221207615924275
VHL10515,12.150907101113098
VHL16435,-0.3053734250731268
VHL17564,-9.067365746057465
VHL18798,2.2207739751532216
VHL10222,9.211644858786212
VHL17645,5.6571766108111845
VHL10810,-2.296122753493968
VHL14216,21.008102530806163
VHL13799,4.590015383302697
VHL19965,6.756551835119428
VHL18568,15.079047920817224
VHL17957,5.994553783096052
VHL11023,10.82739165150308
VHL17797,5.701118636899112
VHL16174,17.554905667718156
VHL15112,-0.6908972903369328
VHL10167,8.244923453512152
VHL18749,4.577983417103379
VHL16276,10.795542352575815
VHL15593,23.355815409911944
VHL18474,26.18397616665648
VHL13000,7.001012399591637
VHL10796,17.18408999017375
VHL16443,33.03541945372517
VHL13954,13.394991643073986
VHL12761,15.932381950140162
VHL17916,13.587548052913547
VHL13145,19.392254746330856
VHL19331,20.775072421230693
VHL15623,18.84723521694136
VHL13922,22.195443542991008
VHL11222,11.15951911543904
VHL15425,17.505748259572666
VHL19072,1.0269839674033872
VHL18649,14.603462562941779
VHL14730,-11.100181011798131
VHL12512,22.309646484010383
VHL18486,-7.211385501553782
VHL13182,14.48660916510077
VHL19735,13.314110287369527
VHL13370,28.54180807790448
VHL15038,23.51901750294529
VHL13034,9.38239135347482
VHL16581,20.91061495423356
VHL12113,16.877793942878345
VHL16914,19.358795886975653
VHL18231,19.681537359500076
VHL14192,6.649085520175243
VHL10404,5.521209207104668
VHL10084,18.656343385301646
VHL13855,26.06725458355295
VHL14027,1.930006142784503
VHL16209,6.364907453379546
VHL11144,33.67749956113522
VHL18646,9.354436639444437
VHL16431,9.356355133689512
VHL16873,4.503077738347422
VHL19594,16.409607755990024
VHL18630,9.349936698593428
VHL17288,9.97043433094252
VHL13113,15.48603877145245
VHL18865,19.119095749759737
VHL18260,8.738856787478662
VHL13198,3.476491420322793
VHL11475,3.2078070008317887
VHL18584,20.89562561974994
VHL14768,29.75496451354749
VHL16073,9.73252289625945
VHL15742,8.970547462032755
VHL18879,-4.490234551268236
VHL12038,10.98056533612436
VHL19728,21.148089129520557
VHL17986,-6.013819002599021
VHL18819,-4.3579811140731435
VHL12225,-7.982154734620445
VHL19157,11.807871352839832
VHL19615,9.5181885736766
VHL17175,4.004000852964092
VHL13050,19.026913997480555
VHL13123,-6.522170729458475
VHL16065,-5.8292762739066735
VHL12484,-1.4981388455369777
VHL11338,18.61919199397612
VHL17289,2.745897962049389
VHL15447,4.171560536701339
VHL18803,9.85629643371834
VHL18294,8.362575251756093
VHL15133,5.920838909198274
VHL10657,2.0854426847862113
VHL10619,11.188835272039226
VHL17912,24.217276020168743
VHL18164,12.23653930653818
VHL14504,2.9458788977780674
VHL18885,13.17576209958479
VHL10118,11.072709706942916
VHL17852,7.334270519049573
VHL18834,16.15815202137465
VHL11508,2.0608817207312082
VHL17633,10.28792057236131
VHL15893,9.668420778338898
VHL14089,24.221298198202255
VHL18800,33.93304053043205
VHL12314,-6.340751094752779
VHL18047,20.156000565558216
VHL11118,23.4676246675379
VHL17922,11.066987002830292
VHL17121,-2.746725154572977
VHL13960,9.590474611245439
VHL15350,28.879149818664754
VHL17939,5.4078721645177605
VHL11888,8.50650002945327
VHL17044,4.573131482060674
VHL10290,29.316656413076462
VHL19497,19.27049744306076
VHL17807,16.42816931676453
VHL11467,38.569703266384465
VHL14703,25.13454149066087
VHL17518,6.8336148632025555
VHL19578,-3.6343729663368345
VHL10425,21.63061392475832
VHL11304,-3.412923834081761
VHL10086,10.91744978189462
VHL19512,16.069516097697715
VHL13350,8.009645781280003
VHL12694,39.151675449631554
VHL12838,34.11093375081876
VHL16255,-3.2989069074908377
VHL15196,23.439203526637865
VHL16844,15.368392700909268
VHL10977,13.575334296681977
VHL18145,14.953664756780046
VHL12297,-3.1714238351015225
VHL15274,32.7808828088948
VHL15478,17.876525694494426
VHL16940,-3.1850357453258153
VHL14407,-4.610151515352778
VHL19544,12.981373224818537
VHL10519,27.510617374064715
VHL16928,-11.416731453016599
VHL11692,2.044204845474993
VHL15180,13.48984091370578
VHL19040,9.167347539863009
VHL11628,7.661824470100928
VHL19845,1.1050376073609822
VHL16574,36.0813024515452
VHL14807,12.02595648795262
VHL11188,17.83274990160458
VHL18077,27.182647340281562
VHL14836,8.613645753514774
VHL13406,6.87331436593934
VHL18365,-8.899926979128667
VHL18328,0.23202855873336503
VHL14695,2.1049390683221905
VHL12724,15.914307705976796
VHL10202,2.340343672717215
VHL12815,15.706869525098906
VHL12630,14.036093750489918
VHL14283,20.874962252377912
VHL18698,3.289327146996934
VHL10141,-0.13215671491390335
VHL16204,11.086626689966495
VHL11310,18.361543233546666
VHL18878,9.009312389674326
VHL19310,10.307542862730324
VHL18219,10.861009381267504
VHL13108,8.467108296571691
VHL14070,25.49213721121619
VHL16891,-1.0804413370561976
VHL10398,9.323807493835712
VHL12755,7.61477476564845
VHL12995,5.489427136693308
VHL12158,4.3418625265532675
VHL17814,29.56606088994641
VHL15098,-11.652527826245407
VHL13066,20.244247480937755
VHL13362,6.374115549457615
VHL13443,-13.972024194948661
VHL18173,-5.112459131890846
VHL16277,21.969354394089073
VHL17380,7.998176140474143
VHL18129,5.963613561311002
VHL11891,-7.121349653011506
VHL11042,12.126496429545853
VHL16137,9.286357233541167
VHL13400,-2.746121395125948
VHL19399,21.858428518195737
VHL16723,4.584501625091939
VHL12416,16.31360689062402
VHL10350,0.5127788126810202
VHL13811,0.44782862282493596
VHL13916,9.852489443531578
VHL11857,-0.9450639431592474
VHL12040,2.572992236568841
VHL10872,20.64646154815865
VHL14351,24.64067129797553
VHL18230,3.4921396822130504
VHL14851,25.134042653506413
VHL19426,9.60735258962694
VHL12795,12.164961935593954
VHL16882,26.397372290752653
VHL15924,10.52670851141253
VHL10807,-3.9330527772302593
VHL10611,5.949334050144266
VHL15296,4.055948523924032
VHL11333,9.123391918307362
VHL18616,6.782815501988932
VHL15633,1.0378252559429457
VHL15157,17.789348858870543
VHL16982,-9.773157125132117
VHL13879,29.489872096048796
VHL17585,11.361529770040155
VHL13116,21.492055501426247
VHL16982,4.35731847051578
VHL18017,15.887227214575177
VHL19155,21.88991875237806
VHL19997,1.4556596165229418
VHL19660,14.48660916510077
VHL19990,13.181483129219753
VHL13582,23.123562402332734
VHL15998,18.505554203823003
VHL13285,-11.056766194587809
VHL16586,3.081104557915044
VHL15120,8.354650003495832
VHL14954,14.552695167151175
VHL18066,-8.48807452021018
VHL13559,26.837723569121522
VHL14707,20.145844473462486
VHL12562,15.609859168145842
VHL15527,0.21823998580324488
VHL12878,12.681049243692101
VHL12507,8.94322703592597
VHL14699,-7.848354870194648
VHL14730,20.08959328911861
VHL16614,9.622392103511572
VHL13024,13.174159540178199
VHL19915,15.897849947600172
VHL13101,-0.33684733150055024
VHL13052,3.6682658373323314
VHL19820,37.39527491967772
VHL11562,7.300077104415381
VHL16424,13.476650411854191
VHL10876,18.815149116996206
VHL12199,9.544539015845883
VHL17320,15.012808608127443
VHL13599,-6.582557199622205
VHL15761,2.496831405439483
VHL12114,0.36522037175292965
VHL14797,15.727845714061772
VHL10360,24.980579868459543
VHL11344,25.29960210328353
VHL13709,2.3365699943191975
VHL19962,17.808995667891164
VHL11021,-0.951000708861776
VHL11988,10.773905276011048
VHL18459,5.354051815137684
VHL12547,10.598670431336076
VHL17688,20.66574985847609
VHL10267,13.475044987623921
VHL17363,21.006073855917702
VHL19946,15.495939419153927
VHL17698,29.012206772630993
VHL10234,-15.25343692623522
VHL13897,25.184387494050235
VHL13543,1.424152559741386
VHL11002,15.035850865726442
VHL19102,10.452570587186006
VHL17633,42.0990345121035
VHL18124,10.088485852211857
VHL16120,2.3321009943151827
VHL19186,15.177477099947634
VHL18664,27.323150885737686
VHL17083,37.43195841303583
VHL13077,16.70351308191817
VHL17267,10.083527573741208
VHL18565,21.822567249668893
VHL13814,12.89551811317731
VHL18967,19.098437448118457
VHL13503,6.551934300296949
VHL13644,-2.686623422986512
VHL17079,-5.743301339646597
VHL15239,13.537912183342446
VHL17245,-6.446485534623543
VHL10153,41.401776074543506
VHL19693,10.981121895371636
VHL10773,18.699939019728355
VHL11413,6.829105954710666
VHL10223,10.491299296960857
VHL18530,-4.729942423267767
VHL12551,12.406624328704734
VHL17602,6.023733494299886
VHL13375,21.33820444247831
VHL13337,24.90808833885256
VHL18551,22.34475821280378
VHL17882,4.8047366313719415
VHL17761,6.287733551092254
VHL12646,3.6725888308076335
VHL15219,14.508520746008113
VHL14365,14.004612943057221
VHL16915,2.4842925065870993
VHL10906,3.3657293711763465
VHL13513,-1.7266127237564728
VHL14542,15.183585309006137
VHL14200,9.535991591548065
VHL18013,15.555602013740096
VHL14772,10.979254633867017
VHL13641,15.167657300694565
VHL15001,0.9112503175327653
VHL10409,6.478092758667291
VHL12698,12.85581799624606
VHL14128,7.469366454888071
VHL10621,4.708745558352666
VHL13729,15.682195637580222
VHL16191,21.879692972916484
VHL11188,13.304561151495655
VHL14810,21.512637083738625
VHL16357,-25.599044551576217
VHL18353,7.106546640528851
VHL15843,4.543866904427711
VHL10210,1.1741253757614087
VHL17457,7.13940511976233
VHL11022,12.89575790161263
VHL16541,3.6613198535505456
VHL17647,-3.1302526340999037
VHL11229,26.061816190476293
VHL17996,2.0834092732727
VHL17089,2.391434260374556
VHL19543,18.192006640399203
VHL19715,23.063641804324458
VHL17944,14.658963042188386
VHL16820,22.084448236950056
VHL14857,20.94655655775897
VHL17512,5.476456365447296
VHL16649,18.918303555203774
VHL14838,20.173485663748046
VHL14568,4.552587152470842
VHL17525,11.382406706883945
VHL16117,15.424200069626114
VHL13135,8.147236888179025
VHL19812,8.631853925159511
VHL17027,10.49575794134211
VHL14654,5.0826933551871605
VHL12420,12.119964564602508
VHL10360,14.307137792065664
VHL13629,18.462093772667874
VHL16737,16.784633275296727
VHL15446,12.944174633900193
VHL10946,2.293156764991136
VHL13953,-11.61744527150385
VHL17303,22.92175252680001
VHL15447,1.7234751208104688
VHL12854,13.571799028646389
VHL12567,5.312341244657928
VHL19137,4.494389218471088
VHL19411,7.774561538599599
VHL10923,-2.0824225832299996
VHL17236,9.743205494024561
VHL19462,24.544915158045814
VHL13097,3.2405180082954255
VHL19969,3.4583950463399074
VHL11860,6.494060079431016
VHL18943,9.18912678297186
VHL11672,17.535457624569904
VHL10815,8.909551389531702
VHL16245,11.996837934501059
VHL14969,20.63468255200678
VHL19652,3.974186266447097
VHL11330,7.437380984359923
VHL19827,19.157914395281022
VHL10484,2.3949101199293716
VHL11394,-6.0798877380500365
VHL18787,29.570244432656697
VHL11803,7.522747780507114
VHL12784,20.64524541995093
VHL17216,16.83354917479829
VHL10033,14.442146023726707
VHL11776,-15.012240179852771
VHL14947,12.92542533049394
VHL17522,8.810254773629225
VHL14197,0.629119422641006
VHL13071,0.7586768624448794
VHL17406,-0.7348045931170626
VHL12174,16.07765382569142
VHL12440,-2.672067436402126
VHL12462,8.607588410652028
VHL12158,7.719268770774384
VHL14899,4.855260382027879
VHL11281,18.866526745819876
VHL10913,19.37697940435869
VHL19630,5.765911392410491
VHL19709,4.8018245349690165
VHL14819,11.977417820855042
VHL15381,-5.237784767494419
VHL14781,-4.397843761559924
VHL18728,11.884178480559935
VHL16520,-2.1538151244279122
VHL10643,36.945557895475744
VHL19438,22.40847964313831
VHL14103,-5.786731700917042
VHL19088,12.816487996019383
VHL15456,12.654264290060723
VHL16411,22.134083810786024
VHL19044,-4.581294798104523
VHL15194,23.13333805941895
VHL11490,6.9231874626929795
VHL13904,5.905775942530136
VHL15148,20.226559926481368
VHL10918,12.204773738877407
VHL19119,22.06996030540489
VHL10313,14.884806679667442
VHL17176,30.72448524845912
VHL17166,5.1898564717042035
VHL11166,0.47099163351146434
VHL19144,14.795004420474289
VHL17259,32.545473562378916
VHL11965,23.03683276930182
VHL13791,4.685942557657686
VHL12309,16.060064707449218
VHL18687,-5.9344215246211
VHL10199,15.700486120996036
VHL18562,12.387058858613429
VHL14042,16.350797377290178
VHL19017,10.306494733886996
VHL18805,0.8425693016377753
VHL18622,22.105185518095865
VHL14045,30.00538963307896
VHL17010,3.9218833285106633
VHL16993,0.9272554236727055
VHL16050,6.079600710150821
VHL16363,-2.2636111606853486
VHL10287,-3.637007389656211
VHL19873,21.024165878080606
VHL15450,11.56401128680108
VHL14789,8.377009641709748
VHL14379,-3.7321338746659825
VHL10911,5.967160226916949
VHL10449,18.380590811061687
VHL19705,19.69210086605868
VHL14766,15.833692298489506
VHL16203,16.52456718688254
VHL14855,3.832339418302711
VHL14661,42.164069111720536
VHL19859,-14.910861991568368
VHL14028,-2.811544579988295
VHL14991,-3.4752395060450167
VHL15291,7.0067545648997385
VHL16047,20.999860971357336
VHL12253,17.1080865421164
VHL10428,10.603616975148345
VHL15237,28.880677733100928
VHL16101,13.771958447375145
VHL16143,20.106671132757423
VHL10257,18.136586757896946
VHL16662,34.43445267561728
VHL19799,29.8797483608387
VHL14241,8.718669384519684
VHL17705,15.458129108101637
VHL17529,-4.760152058469836
VHL15191,3.0649368727927433
VHL17451,11.014511967626444
VHL17879,8.286880872080431
VHL19264,7.623266277947371
VHL19009,22.4157555727288
VHL10568,6.067504061493306
VHL19545,14.21981590862957
VHL16822,11.720070349946223
VHL10957,25.008521286971273
VHL15607,3.750807404760331
VHL12093,40.401471208247415
VHL19096,23.079410385774985
VHL18288,7.441982328193948
VHL11310,6.378338412190761
VHL19333,14.812414200282177
VHL13823,23.143717147820023
VHL19965,3.3550089291152227
VHL16917,9.109697790123823
VHL11177,-7.06388264726846
VHL16853,27.490884024601666
VHL18554,38.77462815056505
VHL18562,22.605149143285523
VHL10753,9.950003135420191
VHL16804,8.151635520118095
VHL18774,19.957743576505504
VHL15561,5.336431034623352
VHL12265,14.417759829648322
VHL10021,11.456854897332043
VHL18216,6.067504061493306
VHL18297,37.43195841303583
VHL15781,0.2865178714876695
VHL12134,9.937838172998266
VHL12909,4.483957102181737
VHL19963,26.744475267294714
VHL16014,3.479843930459409
VHL14675,10.356936564299515
VHL19999,-2.3397694839021104
VHL15433,5.810616337551535
VHL12937,5.973790103950449
VHL11373,25.81588254621075
VHL17859,4.39866645162034
VHL10314,17.196973424576505
VHL18773,22.091529274088344
VHL16942,6.523371906073438
VHL18334,0.8326315182659112
VHL17910,3.506414224161219
VHL18494,15.064359604404547
VHL12860,-3.7894906991707824
VHL10204,21.79857305807704
VHL19924,18.56858899328914
VHL13255,3.45281659843938
VHL12057,19.43281668131347
VHL19296,20.899770097557973
VHL10104,14.74423776488507
VHL14185,15.076437866458658
VHL15914,-3.1137034710198694
VHL11633,10.015491411466153
VHL10331,-5.553466891144142
VHL15981,11.843901874917844
VHL18376,11.59198823866145
VHL14890,10.453869006650919
VHL14283,20.958805765661367
VHL15877,-10.030724601382978
VHL10019,12.07322742830603
VHL10439,-0.9080536075717109
VHL18436,40.76916107074493
VHL11989,5.820794272555236
VHL19813,16.04696817792632
VHL15869,15.9245840026523
VHL13464,6.521749461321683
VHL14974,12.510110572824505
VHL13446,4.5404818483083975
VHL11326,5.054215103020365
VHL12561,0.5110385132775646
VHL12421,13.147446443659508
VHL15061,13.129196780918708
VHL16174,13.153598164801213
VHL14500,20.67830561089506
VHL16937,35.061083010959194
VHL13576,20.412303947588704
VHL12458,6.8090052354485255
VHL11965,10.372218330437118
VHL11890,2.0489293589030497
VHL14930,3.78973371868722
VHL16445,13.200414956267586
VHL11308,22.726533730744062
VHL17652,15.49384986105943
VHL13004,25.300797001326302
VHL10262,16.561710507966684
VHL13111,-14.36925125385325
VHL13568,13.539102484643674
VHL12606,10.306463776709755
VHL15786,12.990537117474805
VHL11054,28.012383335347973
VHL15167,1.4536582179830013
VHL14716,36.96774795228187
VHL11763,7.67912262035429
VHL17885,15.697733756377342
VHL16048,17.296148988823262
VHL17032,6.930562177246166
VHL10344,14.9969282328419
VHL13463,7.921890795889858
VHL12903,7.036832241263838
VHL14551,26.384516662427462
VHL14763,9.616555640676818
VHL19270,8.490553114861477
VHL12817,20.06197735279182
VHL18354,5.770267415876521
VHL12185,0.4749123212715478
VHL14983,18.174692324636233
VHL15530,8.682958767344227
VHL15827,14.840340987272764
VHL14886,25.78067386240774
VHL17643,7.849816506796833
VHL16987,14.060739919733077
VHL14294,20.622048731898783
VHL16175,26.391210309021798
VHL18639,4.664809324482571
VHL13640,4.579167898059191
VHL17895,-4.516335136063674
VHL19307,2.301633825926932
VHL19436,-10.033769943377457
VHL19809,22.107668282241345
VHL10638,2.2539183817792185
VHL13859,-0.9557000020652762
VHL11640,6.510156566747263
VHL13661,7.103611051147624
VHL15523,2.6841532485950736
VHL12838,14.548051920150161
VHL11312,12.434569217075254
VHL12699,15.824858440107949
VHL14640,-13.840086095102127
VHL17666,16.174736643582587
VHL14903,18.20076919847842
VHL13835,14.58362489123314
VHL15635,29.037282723954558
VHL19827,23.520772823564688
VHL14808,13.099207466596628
VHL16208,6.067504061493306
VHL18605,5.59466981636934
VHL19751,17.820999079858826
VHL17664,19.68827227786569
VHL12588,13.206471976866766
VHL17702,21.543391497687104
VHL10842,7.773349974935952
VHL19609,27.065061955073503
VHL12767,-2.2352533378832184
VHL13680,18.08470733446997
VHL13507,2.775255786797077
VHL16160,20.08158937552194
VHL13555,-18.74805918128817
VHL18088,9.416961714812604
VHL16428,6.332145265017072
VHL11278,-16.17317091860162
VHL17567,11.83714954773361
VHL16715,8.334345342185934
VHL15486,3.5892807387093786
VHL10286,13.454286840472399
VHL13344,1.5769859388326033
VHL17544,9.602652064687959
VHL12579,18.167016775774012
VHL19966,6.646501355045103
VHL12989,-3.9302824880491096
VHL18968,19.271521073553753
VHL16423,15.308908564779653
VHL15852,25.71213621143006
VHL16298,16.06263439881326
VHL13399,-6.706813488727345
VHL11381,32.35408833137612
VHL18329,36.02871104477225
VHL13335,2.242013966547727
VHL11885,11.837439201483448
VHL19284,14.733191306394225
VHL12612,16.28634327518874
VHL15522,14.689973750669317
VHL16059,15.481861745792266
VHL10388,21.741172391696175
VHL10025,20.52116737586178
VHL14629,3.1110955846831922
VHL10790,-2.3466278308284267
VHL17966,34.90707154488888
VHL12843,14.08898557404142
VHL11996,-0.5987449236634994
VHL15688,9.34735377329535
VHL13110,11.985259090182279
VHL19865,26.141809296857435
VHL13379,-0.49960072360200414
VHL18639,11.101812228786015
VHL16928,17.180501685249602
VHL11725,36.16200543968087
VHL11355,12.161632409914002
VHL17560,14.969815875033603
VHL11885,25.023516008250166
VHL12995,24.805716372722053
VHL11751,3.2436676001866793
VHL14633,24.298042701502013
VHL16853,5.428342680951422
VHL14501,15.517012565083661
VHL13938,13.29808882278423
VHL12329,-6.373611808178319
VHL10067,13.23518472387347
VHL19818,10.852838910505927
VHL12785,5.005629584981715
VHL13874,6.394462472310151
VHL18142,23.29485749879791
VHL14855,15.813214335395386
VHL12147,27.43448811896217
VHL15256,23.442523258404435
VHL13751,20.61368940580955
VHL17863,6.521749461321683
VHL13981,15.153283053015254
VHL18916,3.04337556724772
VHL19492,13.567104014679376
VHL16004,34.80694164252807
VHL15913,-15.412267903433545
VHL16871,18.297611499282937
VHL11388,5.489427136693308
VHL15019,-7.04527214719242
VHL11934,-8.35934784429875
VHL19784,2.5733666697941704
VHL12593,10.788189064510837
VHL15836,22.316231597944668
VHL17034,-0.5568123459177907
VHL14607,14.626083049523718
VHL17105,17.148833581892372
VHL18773,22.260047151036968
VHL12684,28.277415565612355
VHL17154,7.131575669937657
VHL10849,11.325167126369859
VHL12067,8.958376723128389
VHL14247,8.874556113925472
VHL18581,9.733533928009052
VHL18516,10.791424528534359
VHL17684,-4.272843293560118
VHL17215,-2.2239177760098094
VHL15232,21.1646289776113
VHL19310,17.814290878099893
VHL12120,11.549482536238372
VHL15455,24.83941954956308
VHL10132,6.1257009828374045
VHL12356,25.794799672811074
VHL16995,20.961391067918232
VHL15752,20.98664200761331
VHL12151,14.885568045074624
VHL11902,41.25460503162479
VHL17808,2.4897043168506414
VHL17592,13.696735303780923
VHL16636,17.22323868089097
VHL11497,13.34235525874697
VHL17774,20.798588752029602
VHL15919,2.0095255033960404
VHL15172,-5.229222341732884
VHL11820,-3.6369009291013135
VHL13093,24.837337034091515
VHL17445,18.768373889432198
VHL18989,14.381177093750292
VHL10713,-3.395628647059639
VHL14240,-3.6657966404861497
VHL13501,4.327403638375557
VHL18215,22.63914228214482
VHL14878,32.06979636128959
VHL19143,1.1283869167466278
VHL10173,22.600745415593295
VHL16962,15.586310400622597
VHL15384,3.4734592268414017
VHL13844,13.05800313652749
VHL11998,4.28007052341677
VHL10444,15.103567425638051
VHL19655,15.697733756377342
VHL18921,10.983816338958022
VHL11774,21.271200864374677
VHL15490,-13.996147166724555
VHL18694,17.16748089694859
VHL10360,9.972555991675101
VHL18707,12.14411938126462
VHL15801,7.453976406630696
VHL17931,23.79297545965376
VHL16716,23.90692860726789
VHL11290,2.7090497615525804
VHL18180,8.606312077269925
VHL19935,3.788609082485152
VHL16593,7.652354818352899
VHL17349,-5.647610711617427
VHL18705,12.848928555886495
VHL18527,10.79214859797246
VHL18577,4.427047165979621
VHL15369,18.499437760086746
VHL16140,15.155210904810726
VHL11458,2.29696817192643
VHL13652,0.010279543694776905
VHL13470,22.501529372345107
VHL17609,15.543884454768826
VHL16953,-11.358349443338138
VHL19670,25.13051013518791
VHL16517,-3.1157450600145404
VHL12631,20.303854798302268
VHL14338,-16.07472868434219
VHL13224,2.407837931538764
VHL19157,8.898984416974976
VHL10266,-6.305059317082722
VHL11597,16.474679409781437
VHL16219,24.426114501730172
VHL12828,9.206253000953772
VHL10364,7.564682958917121
VHL11875,34.0152247402126
VHL10185,1.7606180465181467
VHL12097,16.543727184919376
VHL17691,-15.465771019473276
VHL15092,0.05706095415453305
VHL11628,22.292153091558852
VHL13662,0.8036962633863096
VHL11486,4.621349202880987
VHL18373,16.509452294744353
VHL16605,31.040857372297655
VHL14670,21.864560863438125
VHL19579,-3.9386963915930453
VHL15504,17.329810583213618
VHL18831,-1.294245745993667
VHL19404,7.791100952224092
VHL11218,11.985716407598158
VHL13869,39.85941618688388
VHL19846,16.482301304594134
VHL11677,12.868112992103601
VHL17416,-4.522665184001271
VHL13175,4.970298649914378
VHL17965,17.249597435206844
VHL19048,8.489087698844335
VHL18117,0.5233455983892172
VHL16742,19.440878588782716
VHL10339,10.735409425458727
VHL14079,9.534955119779648
VHL17034,10.264670162592962
VHL15903,3.7614465057205404
VHL14643,18.395469998467718
VHL19176,12.043342585162744
VHL16293,14.226149529301019
VHL16573,5.526619816631124
VHL10615,3.7361254675531237
VHL10834,16.256219614657496
VHL13200,11.802402130483632
VHL18949,22.375127531390117
VHL14402,-2.7691773696421396
VHL16439,11.077873898089779
VHL14135,21.151739062068717
VHL10015,-13.293092909534312
VHL10388,-0.12544081700346155
VHL17226,16.405484737888568
VHL16884,36.486750847413816
VHL18216,5.431728723996212
VHL19751,6.80104098829495
VHL11071,11.557677666129633
VHL16489,22.03377927157849
VHL12578,21.07213534321025
VHL10582,20.53789037038847
VHL19617,31.279312038335757
VHL14437,20.75187014354522
VHL11749,3.562436911665972
VHL18131,19.891670970688775
VHL16700,16.804716137488114
VHL14166,22.091529274088344
VHL19100,1.1387260175002734
VHL11100,16.096182148305804
VHL17954,25.90095521659177
VHL15065,18.794472030232154
VHL14908,25.92409814268675
VHL11925,18.85400676970672
VHL12725,40.420997279655666
VHL17558,4.1083709450792405
VHL12989,14.486929160908591
VHL11734,22.297604435716348
VHL15324,17.921535303808785
VHL19720,10.362658274766579
VHL17274,-17.340727388336855
VHL10206,19.493368819265882
VHL18355,13.310433918735235
VHL16634,6.254702074631357
VHL15037,3.9075888670216763
VHL19446,17.54422227016802
VHL11255,9.400524063971615
VHL18968,16.640634192331937
VHL17262,6.444157622328868
VHL19635,15.588909438314076
VHL13636,5.749222951929594
VHL14827,21.652181087501337
VHL13630,12.812291555006205
VHL18929,4.197174590153031
VHL18493,29.164055639119912
VHL11970,20.300693599991067
VHL18557,5.672207099685995
VHL16603,17.78170856609974
VHL10144,6.056653327614844
VHL19283,-1.3778582806694746
VHL14957,10.048327234573579
VHL14521,-10.536001334858856
VHL14631,26.332156067223146
VHL10741,8.859985350396311
VHL18773,6.719585094125311
VHL15546,10.090397296463745
VHL18796,14.225056073539061
VHL16777,14.238053671108808
VHL12667,-4.513683985027213
VHL11806,12.812851028248577
VHL16241,-13.292206989221803
VHL11602,19.230935437234912
VHL10361,-15.93776494421764
VHL11563,2.022690787515412
VHL18781,13.32044583768689
VHL11605,-3.864982385821198
VHL17566,7.127311123973191
VHL14925,14.61477492514182
VHL17378,27.24632496435451
VHL13933,6.619781557430944
VHL15621,13.976431375727632
VHL11212,16.948748141494907
VHL17047,-5.9442798769085385
VHL18495,13.251024609094955
VHL11789,27.828608249137073
VHL18812,-10.40609086891967
VHL12003,11.5432266846576
VHL17763,13.18322942574147
VHL10234,14.4280697418742
VHL11820,20.690659448860504
VHL15612,9.205869593130268
VHL16969,10.968595030510652
VHL15883,29.385798754768995
VHL16910,16.23358293055333
VHL15537,30.493955758335122
VHL19483,12.219767884408142
VHL19061,40.09861084977382
VHL10122,41.928065519580684
VHL18413,27.40498787460225
VHL19153,10.360586496847676
VHL16118,10.017405801903749
VHL11390,13.517278183805516
VHL15701,-6.782519649601549
VHL12322,29.60191253601393
VHL18493,25.858404984349864
VHL18230,10.185429514426938
VHL10567,0.5185302791811717
VHL16862,7.403218031840501
VHL12040,16.854288260594675
VHL13506,14.447423860369092
VHL13379,19.344292329190083
VHL16540,8.890939102633908
VHL14882,22.58141072894303
VHL16979,6.861486794388576
VHL17108,5.591888244918618
VHL19862,2.4440818619179723
VHL19541,-1.5587281210330524
VHL16650,10.590142580425617
VHL18976,22.023160500470663
VHL15984,11.9531378784047
VHL13017,14.959258972027758
VHL12807,18.508687673971504
VHL16571,7.214652587916952
VHL18496,3.869901446629953
VHL19085,1.5625092702757462
VHL15655,19.868287643854792
VHL10274,14.962707025633762
VHL17927,22.873252087606183
VHL14169,4.138918907747692
VHL10088,21.661249085718993
VHL19133,-3.807810005270574
VHL10124,-6.308226634367306
VHL17800,36.01640088637316
VHL12549,7.8470407815883245
VHL10900,27.125963774169985
VHL16654,-4.435051114830186
VHL15178,11.332705535528152
VHL10370,23.253269327892944
VHL19083,1.0006209963671644
VHL10667,38.51794609578451
VHL11177,-1.141375612909552
VHL19621,10.48553711000815
VHL19834,8.85808258250249
VHL18831,-10.621173872148269
VHL16058,16.177049650740546
VHL15327,12.457022568144652
VHL10566,4.1092140211392945
VHL15911,10.882010700723518
VHL18703,9.623621745328364
VHL19494,20.79448196837352
VHL16292,28.316047256995677
VHL12417,11.925750315282134
VHL16694,15.497429372855496
VHL16876,20.555509621428033
VHL10394,-3.0799884124157497
VHL18192,-7.206324361045188
VHL18989,-0.5236075391666164
VHL15531,6.73605419648924
VHL19945,12.25068252736994
VHL15352,14.057067768753132
VHL10470,8.418103454127698
VHL12910,30.73044724310716
VHL19260,18.171417387449406
VHL18747,24.061319074711676
VHL10865,19.06872803184852
VHL10512,25.627511471366084
VHL19176,-1.8905436614102733
VHL18494,1.6196101051996017
VHL14953,4.7864909180559625
VHL18146,17.86668054351752
VHL10753,15.152977825512824
VHL13266,19.0060848878396
VHL18142,21.51793562725677
VHL12499,5.489427136693308
VHL11132,10.167922558445362
VHL16161,-15.763753046484569
VHL16332,5.34797312952956
VHL11947,38.87020740878043
VHL15516,11.696628957474248
VHL15620,39.61991992588759
VHL11334,14.397409950626677
VHL14676,5.5615639933488
VHL18063,-9.332854951181616
VHL11305,18.306543892050076
VHL17190,-7.742610856658217
VHL19509,8.042410618230303
VHL13065,25.487886972525715
VHL16948,5.763651826167942
VHL18753,1.8204857825805787
VHL13306,-4.722563993886873
VHL11296,-8.773259043519666
VHL14799,24.521516294676893
VHL16629,38.61092788658068
VHL12469,0.10055380106128275
VHL14725,-1.022210735578033
VHL15360,-9.662998273602144
VHL12472,-7.477042241888462
VHL17694,7.909223554546966
VHL19367,1.9453597340680089
VHL13921,15.167277932632519
VHL18424,-2.8672252081519405
VHL13215,14.983510933821268
VHL19720,13.559882986577033
VHL19474,6.345916080880686
VHL14718,1.2632783351172936
VHL13614,15.444386236471349
VHL15761,-18.389078470102707
VHL15481,-2.6554988670542543
VHL10583,-6.556826178505915
VHL10999,8.601559686524476
VHL11387,-6.944868381848492
VHL17201,15.16605043921749
VHL11541,26.10981867502972
VHL11491,9.41750513173474
VHL13571,-9.42534171070881
VHL17798,17.834298593636028
VHL11615,-10.260211254092166
VHL17412,11.383238985283429
VHL17680,36.01993324878872
VHL13091,28.49113911253291
VHL13434,0.2752947289960481
VHL15052,12.027075576141478
VHL11742,9.036253791957556
VHL11925,9.22090838898265
VHL12016,14.909077492128151
VHL17513,20.750917554087586
VHL10564,-13.106756293919206
VHL14087,-16.445171223576857
VHL18246,17.249521573739504
VHL10468,24.176311255083537
VHL18823,5.026257211559301
VHL10264,36.377150895287926
VHL15285,16.87498578622379
VHL16403,36.037158836359865
VHL14260,26.19615142070823
VHL16390,-2.8742913906652836
VHL14383,1.2772617484411528
VHL12924,14.149875953446386
VHL16793,-6.980620261312813
VHL19286,1.8473066457820915
VHL11692,32.51988494876964
VHL19565,0.7428292249272337
VHL12271,9.570764876852142
VHL16387,1.4036771204351126
VHL10067,-5.941214994474914
VHL11055,26.641243003456292
VHL16282,8.974304923150363
VHL10373,4.642187811336477
VHL13130,13.89046763371438
VHL14791,7.680537221455063
VHL17669,42.003249013761334
VHL10245,12.333687064105785
VHL13394,1.8503677072572238
VHL13369,14.112433096549548
VHL12230,20.92858698568879
VHL15024,-12.971579101613006
VHL15401,17.525285980103124
VHL17830,13.18322942574147
VHL16594,0.23702092726765311
VHL13400,14.407678949205522
VHL13413,3.5279620611834144
VHL11338,19.95191599539927
VHL12928,15.079020935287009
VHL14141,24.907739570521752
VHL13196,36.82839567199137
VHL17193,14.581560178620443
VHL13848,18.28654600429432
VHL15690,15.887227214575177
VHL14292,13.526797556315604
VHL10249,34.80426429153917
VHL16684,0.16575754010731547
VHL13663,-0.8871053713770838
VHL16780,22.813459120625502
VHL15195,17.797327750545122
VHL19709,-10.90384827562488
VHL16300,11.431874505245887
VHL18402,4.779883655733691
VHL10408,23.377352025078952
VHL17856,15.459488115736168
VHL12909,19.99911050003005
VHL17579,22.658739932529976
VHL14360,8.41090634471632
VHL16170,19.89568488916687
VHL11625,16.19415108543632
VHL10141,0.520336954621671
VHL13372,-19.6091918005353
VHL10702,17.28176781570788
VHL10168,11.176578379143166
VHL17506,18.64673905460206
VHL19811,17.61656323885271
VHL18898,-8.787904397515724
VHL14976,14.941729082885683
VHL19528,17.474388799470887
VHL14747,-1.504777147546707
VHL12298,9.082142306891921
VHL12897,40.39566279696987
VHL14501,-0.16905573599346724
VHL19230,22.551906029063797
VHL17122,5.7697708479745184
VHL13093,9.187518418013525
VHL13713,6.853695431971774
VHL10827,10.43818073876014
VHL14671,7.551403416681266
VHL19953,-7.543923187061243
VHL14674,19.462311470949476
VHL19651,11.55403511935906
VHL14860,24.71728007308713
VHL15452,14.479631037970162
VHL11031,3.3920300982870044
VHL16763,10.338409589190153
VHL13764,22.89137600673677
VHL12562,8.837026422569956
VHL11827,-8.407588749854867
VHL13929,19.809968740379603
VHL10039,24.893741354366757
VHL15009,25.157768334624176
VHL13821,13.29626140553395
VHL14348,-0.7108585340978042
VHL16840,18.620968337181676
VHL12002,12.420203511202107
VHL10237,-3.085635743087299
VHL18738,1.867912585237697
VHL10568,14.356408601184327
VHL19355,-4.4049294475280725
VHL16226,17.870031736333086
VHL16719,16.654443357874424
VHL14548,4.824711366859507
VHL16912,26.530686645604902
VHL19505,22.515260207438583
VHL16442,-6.66043928134673
VHL16825,2.634867050112586
VHL12658,25.584978368651644
VHL12481,20.955983958479973
VHL18658,21.628503995080067
VHL15493,1.5085704827357445
VHL12577,29.66118310438917
VHL13844,8.282925177540829
VHL12544,0.7805355966794654
VHL14450,12.670573586550024
VHL16818,7.198207447022199
VHL18694,11.996530917543136
VHL13597,39.26639519817161
VHL15898,10.616971962543023
VHL18680,4.58360577969267
VHL12465,21.54252984887011
VHL12148,-1.6168592515143851
VHL19876,6.637368403842755
VHL19612,15.14309805095111
VHL18169,28.067459050461064
VHL13267,8.463026054318512
VHL14640,2.4658471254951646
VHL15593,17.857045684912777
VHL16387,27.137463543564948
VHL13148,16.107530440945876
VHL11142,1.7107741636025837
VHL18659,3.219822396353017
VHL13899,9.083182975453221
VHL18985,10.039419821016928
VHL17250,6.185246896247843
VHL17539,6.568277106614904
VHL18609,9.512631251193584
VHL11948,1.9822159960390735
VHL11525,8.907249211458758
VHL12806,14.984740141676603
VHL19564,23.108749486205504
VHL19054,15.05182903504397
VHL18679,3.23084155818228
VHL19665,10.559319586588687
VHL12463,3.0387467267574406
VHL10753,-5.7204674594832134
VHL11312,15.82157956522278
VHL12620,-2.731643917273032
VHL17592,-5.23155147121765
VHL11746,7.994427144159962
VHL14332,-5.520523827429038
VHL19959,7.652103882059318
VHL16741,2.992105073317644
VHL10763,11.341583364026931
VHL17541,7.515016339121626
VHL11701,26.35446352446472
VHL10194,8.007795419906607
VHL13479,22.29544834452551
VHL15975,1.7435675640211468
VHL10231,8.799870550447364
VHL18446,1.5462049499556088
VHL19365,29.607664097699907
VHL12815,7.832494539642978
VHL17210,15.29201070866496
VHL14273,2.3660504008883496
VHL16001,8.023724018681115
VHL17232,25.9555366016506
VHL17877,3.542257349315941
VHL13772,10.357188471829517
VHL14502,3.369461887507317
VHL12140,6.057137201519533
VHL12267,20.805292424992007
VHL18736,19.075931209976215
VHL17988,21.957167994680823
VHL11233,-25.18072080096218
VHL18205,4.474278096083287
VHL17229,5.773985379447147
VHL12503,12.681247928734653
VHL16555,22.165425386458
VHL11608,6.448402162803312
VHL13099,25.628206968609014
VHL10464,10.31246708138177
VHL13660,2.6495478543310327
VHL15246,13.399360025152877
VHL18351,13.48984091370578
VHL14567,8.495416573032122
VHL18076,-5.3170036543638295
VHL15135,2.574238778058171
VHL14661,23.415774939172795
VHL13468,18.57411054272966
VHL18899,10.053037997788804
VHL10051,-0.3293668777561338
VHL12127,1.690682652236502
VHL12196,4.109304255119881
VHL17014,11.596414588048027
VHL11559,-14.555794911447641
VHL10059,26.038359458498743
VHL15739,7.011246634655038
VHL14808,-1.5488271818703043
VHL15611,14.06816012277805
VHL14636,40.41686671235519
VHL11570,3.3583004533170726
VHL16463,10.893910216922535
VHL16394,16.19163158279581
VHL13693,10.137729095977775
VHL12291,4.126267950082253
VHL15561,-2.081250517525826
VHL19493,31.290332349983675
VHL12756,13.70333326554072
VHL10950,4.995761404137209
VHL16866,-1.0959156356728261
VHL12609,20.35032421023434
VHL12574,5.299790762035279
VHL17135,-5.084213223001691
VHL13752,16.88057568428705
VHL13546,17.99163152361328
VHL11097,6.800539813904345
VHL18181,7.994427144159962
VHL10940,7.883750957198842
VHL16905,10.164683352893794
VHL19185,12.583682995955186
VHL10923,18.409794861610983
VHL18309,1.2142589793055176
VHL19349,8.239654055272348
VHL13590,7.312359226194809
VHL20000,-2.614944334068234
VHL12384,13.853350007963854
VHL13167,18.53794822320291
VHL18928,0.7524791414997702
VHL11333,20.406838930677065
VHL18531,-14.848424463620503
VHL19725,-6.925924018228308
VHL13535,17.015060827238372
VHL15299,25.140424394835463
VHL19132,26.168711178302022
VHL19736,28.469252179632722
VHL11914,16.586222472777994
VHL14981,21.866537427382923
VHL11507,-5.461638103012391
VHL18768,7.268049618888595
VHL13208,7.825129200680983
VHL17200,17.934477451169922
VHL19398,18.677914160539096
VHL10666,25.624689664184693
VHL12919,21.32210022740199
VHL17972,17.307103938150185
VHL10315,13.652821680478667
VHL13868,-1.0687925546099377
VHL16268,17.62591586612579
VHL15979,11.410843047008111
VHL14334,5.891928199661153
VHL19984,9.139855892916334
VHL15905,35.22606979414694
VHL14849,6.067504061493306
VHL10077,-2.365948007470908
VHL12763,23.125508834658497
VHL13814,-2.011576366155453
VHL18236,8.14899288227806
VHL18380,3.110447698898727
VHL11075,2.153918133746399
VHL10482,18.619796773651103
VHL10117,9.608041281537695
VHL13673,-4.954292784170056
VHL17221,29.405746964657833
VHL11240,10.659149092139513
VHL12562,0.5235478871793084
VHL13799,18.502161156536705
VHL13466,27.591954077769373
VHL14698,4.119801155904607
VHL15372,19.667881576803186
VHL13032,5.206202858122278
VHL13600,4.154798083317063
VHL17335,8.029558144121552
VHL15519,8.216058134498066
VHL19609,-3.248031665688668
VHL12581,12.17132930405623
VHL18738,0.1336060673060544
VHL15107,-2.6566765148490648
VHL16177,19.22225950261586
VHL11709,11.458871724825224
VHL14469,6.745201473338026
VHL13687,13.066165767251515
VHL16412,19.22481597940206
VHL14864,35.61458152581618
VHL15725,19.026989855559236
VHL17141,6.747564044080077
VHL10991,14.345115513363286
VHL10678,-8.158817147247724
VHL13889,12.387009728603708
VHL17084,19.01955849271755
VHL15443,-0.47699134231721807
VHL10783,19.380839975661214
VHL19744,2.146019913140524
VHL18331,17.029962623558742
VHL16307,3.1092589550063803
VHL18003,6.64573854071598
VHL10838,16.66224308653788
VHL13320,39.64955049721085
VHL19953,-5.9576347853129406
VHL19152,-1.8409333166612125
VHL15913,40.420997279655666
VHL15341,9.38190123738525
VHL14269,2.4927579281312795
VHL10263,24.52206886749208
VHL10559,6.37011481069233
VHL17221,11.691280521555711
VHL12379,26.41910089629771
VHL18253,-7.280785993462021
VHL11172,7.627399362106912
VHL17213,38.78158999559841
VHL18445,19.565508092658543
VHL10808,37.09317579961906
VHL13851,15.644405649550137
VHL18936,1.313620042015538
VHL17750,-0.4872962283636726
VHL14279,14.446589880579474
VHL17407,-3.923341770207948
VHL17737,18.409068882972015
VHL11196,4.608909727498347
VHL10773,5.54025330239889
VHL12028,26.080920740938257
VHL19833,-4.947959163498609
VHL13566,7.079519246587541
VHL18282,-0.3027821958039487
VHL11015,-8.480661970983796
VHL16696,19.48075438030122
VHL13980,-7.280785993462021
VHL18337,20.062481106874916
VHL11330,15.291533273244951
VHL14873,13.919202316665952
VHL15435,4.4112419669022405
VHL13861,22.02193957733568
VHL12073,9.897547839934175
VHL15320,15.368014156722314
VHL17850,10.093890080749
VHL16757,13.458589271876807
VHL15181,-9.91839164197263
VHL14613,1.5485598491604957
VHL17238,-3.9576009757049095
VHL12083,12.680579909744296
VHL16344,11.54351549231858
VHL19413,10.93829333975232
VHL17430,10.14199742652361
VHL14996,14.128382261380704
VHL13423,-6.996316897316689
VHL13162,29.471894764774856
VHL14672,7.087324236833799
VHL12020,7.916139701512472
VHL16103,6.138883703529274
VHL10650,11.517859434636526
VHL15234,9.840788394542452
VHL11305,18.20891018418143
VHL18180,15.5016141376911
VHL17458,-6.802329555706748
VHL15835,9.884626557884744
VHL17211,1.6313288499610517
VHL17209,5.067734676807611
VHL18693,7.033000315236906
VHL18975,15.027369809216875
VHL18976,8.90131080133379
VHL15391,7.290042422368046
VHL13071,36.04344830504111
VHL19241,16.784675000717083
VHL14944,12.039046988765467
VHL19128,22.023160500470663
VHL18577,-8.86381891583817
VHL15429,12.497280132375831
VHL12217,16.558874521461775
VHL15705,22.615540904898133
VHL19888,8.551034563973673
VHL11906,17.039924508895663
VHL15757,23.48689319158801
VHL11938,18.29262300027949
VHL10969,-0.8859672047513518
VHL11777,40.33029533693568
VHL16275,15.856999590390341
VHL14235,3.935243364464281
VHL10496,33.84185438396467
VHL18481,4.9125733803301
VHL17185,3.7698452831328604
VHL15960,8.208308614546935
VHL11313,36.024696787046295
VHL11288,20.825889126859966
VHL12337,19.347841704167735
VHL14268,-6.4262292852911145
VHL10015,24.521038650898948
VHL16136,11.21115817147714
VHL17903,27.144548952491807
VHL14018,14.931806675114522
VHL17473,18.00259799063491
VHL11480,16.49643809047866
VHL13881,9.974115239676557
